0,AAN
1,ACHC
2,ACIW
3,ADNT
4,ATGE
5,ACM
6,ACC
7,AEO
8,AFG
9,AGCO
10,ALE
11,ALEX
12,AMED
13,AM
14,APY
15,ATI
16,AMCX
17,AN
18,ARW
19,ASB
20,ASGN
21,ASH
22,ATO
23,ATR
24,AVNS
25,AVT
26,AYI
27,AAXN
28,BBBY
29,BC
30,BCO
31,BDC
32,BIO
33,BKH
34,BLKB
35,BOH
36,BRO
37,BXS
38,BYD
39,BHF
40,EAT
41,BRX
42,CABO
43,CZR
44,CAKE
45,CAR
46,CACI
47,CASY
48,CATY
49,CFX
50,CBSH
51,CBT
52,CC
53,CDK
54,CFR
55,CGNX
56,CHE
57,CHDN
58,CHK
59,CIEN
60,CLB
61,CLGX
62,CLH
63,CLI
64,CMC
65,CMD
66,CMP
67,CNK
68,CNO
69,COHR
70,CONE
71,COR
72,CPT
73,CR
74,CREE
75,CRI
76,CRL
77,CRS
78,CRUS
79,CNX
80,CSL
81,CTLT
82,CUZ
83,CVLT
84,CXW
85,CVET
86,CW
87,CBRL
88,CY
89,DAN
90,DCI
91,DDS
92,DECK
93,DEI
94,DKS
95,DLPH
96,DLX
97,DNKN
98,DNOW
99,DPZ
100,DY
101,EGP
102,EPC
103,ERI
104,EHC
105,EME
106,ENR
107,ENS
108,EPR
109,EQT
110,ETRN
111,WTRG
112,ETSY
113,EV
114,EVR
115,EWBC
116,EXEL
117,EXP
118,FAF
119,FDS
120,FCFS
121,FFIN
122,FHN
123,FICO
124,FII
125,FIVE
126,FLO
127,FLR
128,FR
129,FNB
130,FSLR
131,FL
132,FULT
133,GATX
134,GEF
135,GEO
136,GGG
137,GHC
138,GME
139,GMED
140,GNTX
141,GNW
142,GT
143,GVA
144,GDOT
145,GRUB
146,GWR
147,HAE
148,HAIN
149,HWC
150,HCSG
151,HE
152,HELE
153,HIW
154,HNI
155,HOMB
156,HQY
157,HR
158,HRC
159,HUBB
160,ICUI
161,IDA
162,IIVI
163,NGVT
164,NSP
165,IART
166,IBKR
167,IBOC
168,IDCC
169,INGR
170,INT
171,ITT
172,JACK
173,JBGS
174,JBL
175,JHG
176,JEF
177,JBLU
178,JCOM
179,JLL
180,JW.A
181,KAR
182,KBH
183,KBR
184,KEX
185,KMPR
186,KMT
187,KNX
188,KRC
189,LAMR
190,LANC
191,LGND
192,LECO
193,LFUS
194,LII
195,LITE
196,LIVN
197,RAMP
198,LM
199,LOGM
200,LPT
201,LPX
202,LSI
203,LSTR
204,LYV
205,MAN
206,MANH
207,MASI
208,MCY
209,MD
210,MDP
211,MDRX
212,MDSO
213,MDU
214,MKSI
215,MLHR
216,MMS
217,MOH
218,MPW
219,MRCY
220,MPWR
221,MSA
222,MSM
223,MTDR
224,MAT
225,MTX
226,MTZ
227,MUR
228,MUSA
229,NATI
230,NAVI
231,NCR
232,NDSN
233,NEU
234,NFG
235,NJR
236,NNN
237,NKTR
238,NTCT
239,NUS
240,NUVA
241,NVT
242,NWE
243,NYCB
244,NYT
245,OAS
246,ODFL
247,ODP
248,OFC
249,OGE
250,OGS
251,OHI
252,OII
253,OLED
254,OLLI
255,OLN
256,OI
257,ORI
258,OSK
259,OC
260,OZK
261,PACW
262,PK
263,PBF
264,PB
265,PBH
266,PCH
267,PDCO
268,PEB
269,PENN
270,PEN
271,PPC
272,PII
273,PLT
274,PNFP
275,PNM
276,POL
277,POOL
278,POST
279,PRAH
280,PSB
281,PRI
282,PTC
283,PTEN
284,PZZA
285,R
286,RBC
287,RGA
288,RGEN
289,RGLD
290,RIG
291,RNR
292,ROL
293,RPM
294,RS
295,RYN
296,SABR
297,SAFM
298,SAIC
299,SAM
300,SBH
301,SBNY
302,SBRA
303,SIGI
304,SMTC
305,SCI
306,SEIC
307,SF
308,SFM
309,SGMS
310,SIX
311,SKT
312,SKX
313,SLAB
314,SLGN
315,SLM
316,SMG
317,SNH
318,SNV
319,SNX
320,SEDG
321,SON
322,SRC
323,STE
324,STL
325,SRCL
326,STLD
327,SVC
328,SWN
329,SWX
330,SXT
331,SYNA
332,SYNH
333,TTEK
334,TCBI
335,TCO
336,TDC
337,TDS
338,TDY
339,TECD
340,TECH
341,TER
342,TEX
343,TGNA
344,THC
345,THG
346,THO
347,THS
348,TKR
349,TOL
350,TPH
351,TPX
352,TR
353,TREE
354,TREX
355,TRMB
356,TRMK
357,TRN
358,TTC
359,TXRH
360,TYL
361,UBSI
362,UE
363,UFS
364,UGI
365,UMBF
366,UMPQ
367,UNFI
368,UTHR
369,UNIT
370,URBN
371,VAC
372,VC
373,VLY
374,VMI
375,VVV
376,VSAT
377,VSH
378,WRB
379,WAFD
380,WBS
381,WEN
382,WERN
383,WEX
384,WOR
385,WPX
386,WRI
387,WSM
388,WSO
389,WST
390,WTFC
391,WW
392,WWD
393,WWE
394,WYND
395,X
396,Y
397,XPO
398,YELP
399,ZBRA
